{
  "data": [
    {
      "name": "",
      "contact": "",
      "content": "咱们的库是挂了么\n",
      "id": 24,
      "createTime": 1639036641421,
      "lastUpdateTime": 1639036641421
    },
    {
      "name": "",
      "contact": "",
      "content": "有些汉字没有 json 404，有没有提供错误回调",
      "id": 23,
      "createTime": 1638027956829,
      "lastUpdateTime": 1638027956829
    },
    {
      "name": "",
      "contact": "",
      "content": "给力给力，来点个赞:grin:",
      "id": 22,
      "createTime": 1633702799710,
      "lastUpdateTime": 1633702799710
    },
    {
      "name": "",
      "contact": "",
      "content": "给力给力，来点个赞:grin:",
      "id": 21,
      "createTime": 1633702799021,
      "lastUpdateTime": 1633702799021
    },
    {
      "name": "Jason",
      "contact": "",
      "content": "   想问一下有没有 start / stop 动画的 api ，谢谢！",
      "id": 18,
      "createTime": 1623640761174,
      "lastUpdateTime": 1623640761174
    },
    {
      "name": "",
      "contact": "",
      "content": "想问一下有没有 method / function 可以 start 或者 stop 动画？\n因为现在没有 api 能获取 writer。\n\n谢谢！",
      "id": 17,
      "createTime": 1623640076145,
      "lastUpdateTime": 1623640076145
    },
    {
      "name": "",
      "contact": "",
      "content": "```js\n\n```",
      "id": 16,
      "createTime": 1622883799259,
      "lastUpdateTime": 1622883799259
    },
    {
      "name": "",
      "contact": "",
      "content": "多谢这么棒的项目，请问有没有可以暂停和继续动画的API？",
      "id": 15,
      "createTime": 1621168460128,
      "lastUpdateTime": 1621168460128
    },
    {
      "name": "theajack",
      "contact": "theajack@qq.com",
      "content": "【回复：匿名用户 2021-04-22 10:34:05】： 使用回调参数就可以\n```js\ncnchar.draw('你好',{\n    el: '#drawAnimation',\n    type: cnchar.draw.TYPE.ANIMATION,\n    animation:{\n        animateComplete(){\n            console.log('完成')\n        }\n    }\n})\n```",
      "id": 14,
      "createTime": 1619454015651,
      "lastUpdateTime": 1619454015651
    },
    {
      "name": "",
      "contact": "",
      "content": "你好，请问下cnchar-draw，有绘制完成的回调方法嘛，因为这个绘制是异步的，如何此才能知道绘制完成了呢",
      "id": 11,
      "createTime": 1619058845159,
      "lastUpdateTime": 1619058845159
    },
    {
      "name": "theajack",
      "contact": "",
      "content": "【回复：匿名用户 2021-04-19 14:17:17】：\n有的，参考[自定义数据](https://theajack.gitee.io/cnchar/doc/custom.html)",
      "id": 8,
      "createTime": 1618908595044,
      "lastUpdateTime": 1618908595044
    },
    {
      "name": "",
      "contact": "",
      "content": "有提供api添加字库吗?  需要用到很多生僻字",
      "id": 7,
      "createTime": 1618813037295,
      "lastUpdateTime": 1618813037295
    },
    {
      "name": "",
      "contact": "",
      "content": "支不支持小程序使用\n",
      "id": 5,
      "createTime": 1614656809096,
      "lastUpdateTime": 1614656809096
    },
    {
      "name": "",
      "contact": "",
      "content": "真的牛逼",
      "id": 4,
      "createTime": 1611817355009,
      "lastUpdateTime": 1611817355009
    },
    {
      "name": "",
      "contact": "",
      "content": "牛逼",
      "id": 3,
      "createTime": 1611817341546,
      "lastUpdateTime": 1611817341546
    },
    {
      "name": "theajack",
      "contact": "theajack@qq.com",
      "content": "睡觉:sob:",
      "id": 2,
      "createTime": 1611771764130,
      "lastUpdateTime": 1611771764130,
      "reply": [
        {
          "name": "xx",
          "contact": "xxxx",
          "content": "xxx",
          "createTime": 1648785875217,
          "lastUpdateTime": 1648785875217
        },
        {
          "name": "xx",
          "contact": "xxxx",
          "content": "xxx",
          "createTime": 1648785858476,
          "lastUpdateTime": 1648785858476
        }
      ]
    },
    {
      "name": "theajack",
      "contact": "theajack@qq.com",
      "content": "## 新的评论系统上线啦！自己坐个沙发 :kissing_heart:\n\n支持  **markdown** 和 **emoji** 哦\n\n```js\nconsole.log('Hello cnchar!')\n```",
      "id": 1,
      "createTime": 1611770326724,
      "lastUpdateTime": 1611770326724
    }
  ],
  "count": 0,
  "lastUpdateTime": 0,
  "name": "cnchar",
  "createTime": 1611547642931,
  "id": 27
}